trace_id,source_trace_id,budget_k,impact_coverage_at_k,average_path_length_to_covered_descendants,early_truncation
kg_loc_000::rep0000,kg_loc_000,1,1.0,1.0,False
kg_loc_001::rep0001,kg_loc_001,1,1.0,1.0,False
kg_loc_002::rep0002,kg_loc_002,1,1.0,1.0,False
kg_loc_003::rep0003,kg_loc_003,1,1.0,1.0,False
kg_loc_004::rep0004,kg_loc_004,1,1.0,1.0,False
kg_loc_005::rep0005,kg_loc_005,1,1.0,1.0,False
kg_loc_006::rep0006,kg_loc_006,1,1.0,1.0,False
kg_loc_007::rep0007,kg_loc_007,1,1.0,1.0,False
kg_loc_008::rep0008,kg_loc_008,1,1.0,1.0,False
kg_loc_009::rep0009,kg_loc_009,1,1.0,1.0,False
kg_nbr_000::rep0010,kg_nbr_000,1,1.0,1.0,False
kg_nbr_001::rep0011,kg_nbr_001,1,1.0,1.0,False
kg_nbr_002::rep0012,kg_nbr_002,1,1.0,1.0,False
kg_nbr_003::rep0013,kg_nbr_003,1,1.0,1.0,False
kg_nbr_004::rep0014,kg_nbr_004,1,1.0,1.0,False
kg_nbr_005::rep0015,kg_nbr_005,1,1.0,1.0,False
kg_nbr_006::rep0016,kg_nbr_006,1,1.0,1.0,False
kg_nbr_007::rep0017,kg_nbr_007,1,1.0,1.0,False
kg_nbr_008::rep0018,kg_nbr_008,1,1.0,1.0,False
kg_nbr_009::rep0019,kg_nbr_009,1,1.0,1.0,False
kg_reg_000::rep0020,kg_reg_000,2,1.0,1.0,False
kg_reg_001::rep0021,kg_reg_001,2,1.0,1.0,False
kg_reg_002::rep0022,kg_reg_002,1,1.0,1.0,False
kg_reg_003::rep0023,kg_reg_003,1,1.0,1.0,False
kg_reg_004::rep0024,kg_reg_004,1,1.0,1.0,False
kg_reg_005::rep0025,kg_reg_005,1,1.0,1.0,False
kg_reg_006::rep0026,kg_reg_006,2,1.0,1.0,False
kg_reg_007::rep0027,kg_reg_007,1,1.0,1.0,False
kg_reg_008::rep0028,kg_reg_008,1,1.0,1.0,False
kg_reg_009::rep0029,kg_reg_009,1,1.0,1.0,False
kg_loc_000::rep0030,kg_loc_000,1,1.0,1.0,False
kg_loc_001::rep0031,kg_loc_001,1,1.0,1.0,False
kg_loc_002::rep0032,kg_loc_002,1,1.0,1.0,False
kg_loc_003::rep0033,kg_loc_003,1,1.0,1.0,False
kg_loc_004::rep0034,kg_loc_004,1,1.0,1.0,False
kg_loc_005::rep0035,kg_loc_005,1,1.0,1.0,False
kg_loc_006::rep0036,kg_loc_006,1,1.0,1.0,False
kg_loc_007::rep0037,kg_loc_007,1,1.0,1.0,False
kg_loc_008::rep0038,kg_loc_008,1,1.0,1.0,False
kg_loc_009::rep0039,kg_loc_009,1,1.0,1.0,False
kg_nbr_000::rep0040,kg_nbr_000,1,1.0,1.0,False
kg_nbr_001::rep0041,kg_nbr_001,1,1.0,1.0,False
kg_nbr_002::rep0042,kg_nbr_002,1,1.0,1.0,False
kg_nbr_003::rep0043,kg_nbr_003,1,1.0,1.0,False
kg_nbr_004::rep0044,kg_nbr_004,1,1.0,1.0,False
kg_nbr_005::rep0045,kg_nbr_005,1,1.0,1.0,False
kg_nbr_006::rep0046,kg_nbr_006,1,1.0,1.0,False
kg_nbr_007::rep0047,kg_nbr_007,1,1.0,1.0,False
kg_nbr_008::rep0048,kg_nbr_008,1,1.0,1.0,False
kg_nbr_009::rep0049,kg_nbr_009,1,1.0,1.0,False
kg_reg_000::rep0050,kg_reg_000,2,1.0,1.0,False
kg_reg_001::rep0051,kg_reg_001,2,1.0,1.0,False
kg_reg_002::rep0052,kg_reg_002,1,1.0,1.0,False
kg_reg_003::rep0053,kg_reg_003,1,1.0,1.0,False
kg_reg_004::rep0054,kg_reg_004,1,1.0,1.0,False
kg_reg_005::rep0055,kg_reg_005,1,1.0,1.0,False
kg_reg_006::rep0056,kg_reg_006,2,1.0,1.0,False
kg_reg_007::rep0057,kg_reg_007,1,1.0,1.0,False
kg_reg_008::rep0058,kg_reg_008,1,1.0,1.0,False
kg_reg_009::rep0059,kg_reg_009,1,1.0,1.0,False
kg_loc_000::rep0060,kg_loc_000,1,1.0,1.0,False
kg_loc_001::rep0061,kg_loc_001,1,1.0,1.0,False
kg_loc_002::rep0062,kg_loc_002,1,1.0,1.0,False
kg_loc_003::rep0063,kg_loc_003,1,1.0,1.0,False
kg_loc_004::rep0064,kg_loc_004,1,1.0,1.0,False
kg_loc_005::rep0065,kg_loc_005,1,1.0,1.0,False
kg_loc_006::rep0066,kg_loc_006,1,1.0,1.0,False
kg_loc_007::rep0067,kg_loc_007,1,1.0,1.0,False
kg_loc_008::rep0068,kg_loc_008,1,1.0,1.0,False
kg_loc_009::rep0069,kg_loc_009,1,1.0,1.0,False
kg_nbr_000::rep0070,kg_nbr_000,1,1.0,1.0,False
kg_nbr_001::rep0071,kg_nbr_001,1,1.0,1.0,False
kg_nbr_002::rep0072,kg_nbr_002,1,1.0,1.0,False
kg_nbr_003::rep0073,kg_nbr_003,1,1.0,1.0,False
kg_nbr_004::rep0074,kg_nbr_004,1,1.0,1.0,False
kg_nbr_005::rep0075,kg_nbr_005,1,1.0,1.0,False
kg_nbr_006::rep0076,kg_nbr_006,1,1.0,1.0,False
kg_nbr_007::rep0077,kg_nbr_007,1,1.0,1.0,False
kg_nbr_008::rep0078,kg_nbr_008,1,1.0,1.0,False
kg_nbr_009::rep0079,kg_nbr_009,1,1.0,1.0,False
kg_reg_000::rep0080,kg_reg_000,2,1.0,1.0,False
kg_reg_001::rep0081,kg_reg_001,2,1.0,1.0,False
kg_reg_002::rep0082,kg_reg_002,1,1.0,1.0,False
kg_reg_003::rep0083,kg_reg_003,1,1.0,1.0,False
kg_reg_004::rep0084,kg_reg_004,1,1.0,1.0,False
kg_reg_005::rep0085,kg_reg_005,1,1.0,1.0,False
kg_reg_006::rep0086,kg_reg_006,2,1.0,1.0,False
kg_reg_007::rep0087,kg_reg_007,1,1.0,1.0,False
kg_reg_008::rep0088,kg_reg_008,1,1.0,1.0,False
kg_reg_009::rep0089,kg_reg_009,1,1.0,1.0,False
kg_loc_000::rep0090,kg_loc_000,1,1.0,1.0,False
kg_loc_001::rep0091,kg_loc_001,1,1.0,1.0,False
kg_loc_002::rep0092,kg_loc_002,1,1.0,1.0,False
kg_loc_003::rep0093,kg_loc_003,1,1.0,1.0,False
kg_loc_004::rep0094,kg_loc_004,1,1.0,1.0,False
kg_loc_005::rep0095,kg_loc_005,1,1.0,1.0,False
kg_loc_006::rep0096,kg_loc_006,1,1.0,1.0,False
kg_loc_007::rep0097,kg_loc_007,1,1.0,1.0,False
kg_loc_008::rep0098,kg_loc_008,1,1.0,1.0,False
kg_loc_009::rep0099,kg_loc_009,1,1.0,1.0,False
kg_nbr_000::rep0100,kg_nbr_000,1,1.0,1.0,False
kg_nbr_001::rep0101,kg_nbr_001,1,1.0,1.0,False
kg_nbr_002::rep0102,kg_nbr_002,1,1.0,1.0,False
kg_nbr_003::rep0103,kg_nbr_003,1,1.0,1.0,False
kg_nbr_004::rep0104,kg_nbr_004,1,1.0,1.0,False
kg_nbr_005::rep0105,kg_nbr_005,1,1.0,1.0,False
kg_nbr_006::rep0106,kg_nbr_006,1,1.0,1.0,False
kg_nbr_007::rep0107,kg_nbr_007,1,1.0,1.0,False
kg_nbr_008::rep0108,kg_nbr_008,1,1.0,1.0,False
kg_nbr_009::rep0109,kg_nbr_009,1,1.0,1.0,False
kg_reg_000::rep0110,kg_reg_000,2,1.0,1.0,False
kg_reg_001::rep0111,kg_reg_001,2,1.0,1.0,False
kg_reg_002::rep0112,kg_reg_002,1,1.0,1.0,False
kg_reg_003::rep0113,kg_reg_003,1,1.0,1.0,False
kg_reg_004::rep0114,kg_reg_004,1,1.0,1.0,False
kg_reg_005::rep0115,kg_reg_005,1,1.0,1.0,False
kg_reg_006::rep0116,kg_reg_006,2,1.0,1.0,False
kg_reg_007::rep0117,kg_reg_007,1,1.0,1.0,False
kg_reg_008::rep0118,kg_reg_008,1,1.0,1.0,False
kg_reg_009::rep0119,kg_reg_009,1,1.0,1.0,False
kg_loc_000::rep0120,kg_loc_000,1,1.0,1.0,False
kg_loc_001::rep0121,kg_loc_001,1,1.0,1.0,False
kg_loc_002::rep0122,kg_loc_002,1,1.0,1.0,False
kg_loc_003::rep0123,kg_loc_003,1,1.0,1.0,False
kg_loc_004::rep0124,kg_loc_004,1,1.0,1.0,False
kg_loc_005::rep0125,kg_loc_005,1,1.0,1.0,False
kg_loc_006::rep0126,kg_loc_006,1,1.0,1.0,False
kg_loc_007::rep0127,kg_loc_007,1,1.0,1.0,False
kg_loc_008::rep0128,kg_loc_008,1,1.0,1.0,False
kg_loc_009::rep0129,kg_loc_009,1,1.0,1.0,False
kg_nbr_000::rep0130,kg_nbr_000,1,1.0,1.0,False
kg_nbr_001::rep0131,kg_nbr_001,1,1.0,1.0,False
kg_nbr_002::rep0132,kg_nbr_002,1,1.0,1.0,False
kg_nbr_003::rep0133,kg_nbr_003,1,1.0,1.0,False
kg_nbr_004::rep0134,kg_nbr_004,1,1.0,1.0,False
kg_nbr_005::rep0135,kg_nbr_005,1,1.0,1.0,False
kg_nbr_006::rep0136,kg_nbr_006,1,1.0,1.0,False
kg_nbr_007::rep0137,kg_nbr_007,1,1.0,1.0,False
kg_nbr_008::rep0138,kg_nbr_008,1,1.0,1.0,False
kg_nbr_009::rep0139,kg_nbr_009,1,1.0,1.0,False
kg_reg_000::rep0140,kg_reg_000,2,1.0,1.0,False
kg_reg_001::rep0141,kg_reg_001,2,1.0,1.0,False
kg_reg_002::rep0142,kg_reg_002,1,1.0,1.0,False
kg_reg_003::rep0143,kg_reg_003,1,1.0,1.0,False
kg_reg_004::rep0144,kg_reg_004,1,1.0,1.0,False
kg_reg_005::rep0145,kg_reg_005,1,1.0,1.0,False
kg_reg_006::rep0146,kg_reg_006,2,1.0,1.0,False
kg_reg_007::rep0147,kg_reg_007,1,1.0,1.0,False
kg_reg_008::rep0148,kg_reg_008,1,1.0,1.0,False
kg_reg_009::rep0149,kg_reg_009,1,1.0,1.0,False
kg_loc_000::rep0150,kg_loc_000,1,1.0,1.0,False
kg_loc_001::rep0151,kg_loc_001,1,1.0,1.0,False
kg_loc_002::rep0152,kg_loc_002,1,1.0,1.0,False
kg_loc_003::rep0153,kg_loc_003,1,1.0,1.0,False
kg_loc_004::rep0154,kg_loc_004,1,1.0,1.0,False
kg_loc_005::rep0155,kg_loc_005,1,1.0,1.0,False
kg_loc_006::rep0156,kg_loc_006,1,1.0,1.0,False
kg_loc_007::rep0157,kg_loc_007,1,1.0,1.0,False
kg_loc_008::rep0158,kg_loc_008,1,1.0,1.0,False
kg_loc_009::rep0159,kg_loc_009,1,1.0,1.0,False
kg_nbr_000::rep0160,kg_nbr_000,1,1.0,1.0,False
kg_nbr_001::rep0161,kg_nbr_001,1,1.0,1.0,False
kg_nbr_002::rep0162,kg_nbr_002,1,1.0,1.0,False
kg_nbr_003::rep0163,kg_nbr_003,1,1.0,1.0,False
kg_nbr_004::rep0164,kg_nbr_004,1,1.0,1.0,False
kg_nbr_005::rep0165,kg_nbr_005,1,1.0,1.0,False
kg_nbr_006::rep0166,kg_nbr_006,1,1.0,1.0,False
kg_nbr_007::rep0167,kg_nbr_007,1,1.0,1.0,False
kg_nbr_008::rep0168,kg_nbr_008,1,1.0,1.0,False
kg_nbr_009::rep0169,kg_nbr_009,1,1.0,1.0,False
kg_reg_000::rep0170,kg_reg_000,2,1.0,1.0,False
kg_reg_001::rep0171,kg_reg_001,2,1.0,1.0,False
kg_reg_002::rep0172,kg_reg_002,1,1.0,1.0,False
kg_reg_003::rep0173,kg_reg_003,1,1.0,1.0,False
kg_reg_004::rep0174,kg_reg_004,1,1.0,1.0,False
kg_reg_005::rep0175,kg_reg_005,1,1.0,1.0,False
kg_reg_006::rep0176,kg_reg_006,2,1.0,1.0,False
kg_reg_007::rep0177,kg_reg_007,1,1.0,1.0,False
kg_reg_008::rep0178,kg_reg_008,1,1.0,1.0,False
kg_reg_009::rep0179,kg_reg_009,1,1.0,1.0,False
kg_loc_000::rep0180,kg_loc_000,1,1.0,1.0,False
kg_loc_001::rep0181,kg_loc_001,1,1.0,1.0,False
kg_loc_002::rep0182,kg_loc_002,1,1.0,1.0,False
kg_loc_003::rep0183,kg_loc_003,1,1.0,1.0,False
kg_loc_004::rep0184,kg_loc_004,1,1.0,1.0,False
kg_loc_005::rep0185,kg_loc_005,1,1.0,1.0,False
kg_loc_006::rep0186,kg_loc_006,1,1.0,1.0,False
kg_loc_007::rep0187,kg_loc_007,1,1.0,1.0,False
kg_loc_008::rep0188,kg_loc_008,1,1.0,1.0,False
kg_loc_009::rep0189,kg_loc_009,1,1.0,1.0,False
kg_nbr_000::rep0190,kg_nbr_000,1,1.0,1.0,False
kg_nbr_001::rep0191,kg_nbr_001,1,1.0,1.0,False
kg_nbr_002::rep0192,kg_nbr_002,1,1.0,1.0,False
kg_nbr_003::rep0193,kg_nbr_003,1,1.0,1.0,False
kg_nbr_004::rep0194,kg_nbr_004,1,1.0,1.0,False
kg_nbr_005::rep0195,kg_nbr_005,1,1.0,1.0,False
kg_nbr_006::rep0196,kg_nbr_006,1,1.0,1.0,False
kg_nbr_007::rep0197,kg_nbr_007,1,1.0,1.0,False
kg_nbr_008::rep0198,kg_nbr_008,1,1.0,1.0,False
kg_nbr_009::rep0199,kg_nbr_009,1,1.0,1.0,False
kg_reg_000::rep0200,kg_reg_000,2,1.0,1.0,False
kg_reg_001::rep0201,kg_reg_001,2,1.0,1.0,False
kg_reg_002::rep0202,kg_reg_002,1,1.0,1.0,False
kg_reg_003::rep0203,kg_reg_003,1,1.0,1.0,False
kg_reg_004::rep0204,kg_reg_004,1,1.0,1.0,False
kg_reg_005::rep0205,kg_reg_005,1,1.0,1.0,False
kg_reg_006::rep0206,kg_reg_006,2,1.0,1.0,False
kg_reg_007::rep0207,kg_reg_007,1,1.0,1.0,False
kg_reg_008::rep0208,kg_reg_008,1,1.0,1.0,False
kg_reg_009::rep0209,kg_reg_009,1,1.0,1.0,False
kg_loc_000::rep0210,kg_loc_000,1,1.0,1.0,False
kg_loc_001::rep0211,kg_loc_001,1,1.0,1.0,False
kg_loc_002::rep0212,kg_loc_002,1,1.0,1.0,False
kg_loc_003::rep0213,kg_loc_003,1,1.0,1.0,False
kg_loc_004::rep0214,kg_loc_004,1,1.0,1.0,False
kg_loc_005::rep0215,kg_loc_005,1,1.0,1.0,False
kg_loc_006::rep0216,kg_loc_006,1,1.0,1.0,False
kg_loc_007::rep0217,kg_loc_007,1,1.0,1.0,False
kg_loc_008::rep0218,kg_loc_008,1,1.0,1.0,False
kg_loc_009::rep0219,kg_loc_009,1,1.0,1.0,False
kg_nbr_000::rep0220,kg_nbr_000,1,1.0,1.0,False
kg_nbr_001::rep0221,kg_nbr_001,1,1.0,1.0,False
kg_nbr_002::rep0222,kg_nbr_002,1,1.0,1.0,False
kg_nbr_003::rep0223,kg_nbr_003,1,1.0,1.0,False
kg_nbr_004::rep0224,kg_nbr_004,1,1.0,1.0,False
kg_nbr_005::rep0225,kg_nbr_005,1,1.0,1.0,False
kg_nbr_006::rep0226,kg_nbr_006,1,1.0,1.0,False
kg_nbr_007::rep0227,kg_nbr_007,1,1.0,1.0,False
kg_nbr_008::rep0228,kg_nbr_008,1,1.0,1.0,False
kg_nbr_009::rep0229,kg_nbr_009,1,1.0,1.0,False
kg_reg_000::rep0230,kg_reg_000,2,1.0,1.0,False
kg_reg_001::rep0231,kg_reg_001,2,1.0,1.0,False
kg_reg_002::rep0232,kg_reg_002,1,1.0,1.0,False
kg_reg_003::rep0233,kg_reg_003,1,1.0,1.0,False
kg_reg_004::rep0234,kg_reg_004,1,1.0,1.0,False
kg_reg_005::rep0235,kg_reg_005,1,1.0,1.0,False
kg_reg_006::rep0236,kg_reg_006,2,1.0,1.0,False
kg_reg_007::rep0237,kg_reg_007,1,1.0,1.0,False
kg_reg_008::rep0238,kg_reg_008,1,1.0,1.0,False
kg_reg_009::rep0239,kg_reg_009,1,1.0,1.0,False
kg_loc_000::rep0240,kg_loc_000,1,1.0,1.0,False
kg_loc_001::rep0241,kg_loc_001,1,1.0,1.0,False
kg_loc_002::rep0242,kg_loc_002,1,1.0,1.0,False
kg_loc_003::rep0243,kg_loc_003,1,1.0,1.0,False
kg_loc_004::rep0244,kg_loc_004,1,1.0,1.0,False
kg_loc_005::rep0245,kg_loc_005,1,1.0,1.0,False
kg_loc_006::rep0246,kg_loc_006,1,1.0,1.0,False
kg_loc_007::rep0247,kg_loc_007,1,1.0,1.0,False
kg_loc_008::rep0248,kg_loc_008,1,1.0,1.0,False
kg_loc_009::rep0249,kg_loc_009,1,1.0,1.0,False
kg_nbr_000::rep0250,kg_nbr_000,1,1.0,1.0,False
kg_nbr_001::rep0251,kg_nbr_001,1,1.0,1.0,False
kg_nbr_002::rep0252,kg_nbr_002,1,1.0,1.0,False
kg_nbr_003::rep0253,kg_nbr_003,1,1.0,1.0,False
kg_nbr_004::rep0254,kg_nbr_004,1,1.0,1.0,False
kg_nbr_005::rep0255,kg_nbr_005,1,1.0,1.0,False
kg_nbr_006::rep0256,kg_nbr_006,1,1.0,1.0,False
kg_nbr_007::rep0257,kg_nbr_007,1,1.0,1.0,False
kg_nbr_008::rep0258,kg_nbr_008,1,1.0,1.0,False
kg_nbr_009::rep0259,kg_nbr_009,1,1.0,1.0,False
kg_reg_000::rep0260,kg_reg_000,2,1.0,1.0,False
kg_reg_001::rep0261,kg_reg_001,2,1.0,1.0,False
kg_reg_002::rep0262,kg_reg_002,1,1.0,1.0,False
kg_reg_003::rep0263,kg_reg_003,1,1.0,1.0,False
kg_reg_004::rep0264,kg_reg_004,1,1.0,1.0,False
kg_reg_005::rep0265,kg_reg_005,1,1.0,1.0,False
kg_reg_006::rep0266,kg_reg_006,2,1.0,1.0,False
kg_reg_007::rep0267,kg_reg_007,1,1.0,1.0,False
kg_reg_008::rep0268,kg_reg_008,1,1.0,1.0,False
kg_reg_009::rep0269,kg_reg_009,1,1.0,1.0,False
kg_loc_000::rep0270,kg_loc_000,1,1.0,1.0,False
kg_loc_001::rep0271,kg_loc_001,1,1.0,1.0,False
kg_loc_002::rep0272,kg_loc_002,1,1.0,1.0,False
kg_loc_003::rep0273,kg_loc_003,1,1.0,1.0,False
kg_loc_004::rep0274,kg_loc_004,1,1.0,1.0,False
kg_loc_005::rep0275,kg_loc_005,1,1.0,1.0,False
kg_loc_006::rep0276,kg_loc_006,1,1.0,1.0,False
kg_loc_007::rep0277,kg_loc_007,1,1.0,1.0,False
kg_loc_008::rep0278,kg_loc_008,1,1.0,1.0,False
kg_loc_009::rep0279,kg_loc_009,1,1.0,1.0,False
kg_nbr_000::rep0280,kg_nbr_000,1,1.0,1.0,False
kg_nbr_001::rep0281,kg_nbr_001,1,1.0,1.0,False
kg_nbr_002::rep0282,kg_nbr_002,1,1.0,1.0,False
kg_nbr_003::rep0283,kg_nbr_003,1,1.0,1.0,False
kg_nbr_004::rep0284,kg_nbr_004,1,1.0,1.0,False
kg_nbr_005::rep0285,kg_nbr_005,1,1.0,1.0,False
kg_nbr_006::rep0286,kg_nbr_006,1,1.0,1.0,False
kg_nbr_007::rep0287,kg_nbr_007,1,1.0,1.0,False
kg_nbr_008::rep0288,kg_nbr_008,1,1.0,1.0,False
kg_nbr_009::rep0289,kg_nbr_009,1,1.0,1.0,False
kg_reg_000::rep0290,kg_reg_000,2,1.0,1.0,False
kg_reg_001::rep0291,kg_reg_001,2,1.0,1.0,False
kg_reg_002::rep0292,kg_reg_002,1,1.0,1.0,False
kg_reg_003::rep0293,kg_reg_003,1,1.0,1.0,False
kg_reg_004::rep0294,kg_reg_004,1,1.0,1.0,False
kg_reg_005::rep0295,kg_reg_005,1,1.0,1.0,False
kg_reg_006::rep0296,kg_reg_006,2,1.0,1.0,False
kg_reg_007::rep0297,kg_reg_007,1,1.0,1.0,False
kg_reg_008::rep0298,kg_reg_008,1,1.0,1.0,False
kg_reg_009::rep0299,kg_reg_009,1,1.0,1.0,False
kg_loc_000::rep0300,kg_loc_000,1,1.0,1.0,False
kg_loc_001::rep0301,kg_loc_001,1,1.0,1.0,False
kg_loc_002::rep0302,kg_loc_002,1,1.0,1.0,False
kg_loc_003::rep0303,kg_loc_003,1,1.0,1.0,False
kg_loc_004::rep0304,kg_loc_004,1,1.0,1.0,False
kg_loc_005::rep0305,kg_loc_005,1,1.0,1.0,False
kg_loc_006::rep0306,kg_loc_006,1,1.0,1.0,False
kg_loc_007::rep0307,kg_loc_007,1,1.0,1.0,False
kg_loc_008::rep0308,kg_loc_008,1,1.0,1.0,False
kg_loc_009::rep0309,kg_loc_009,1,1.0,1.0,False
kg_nbr_000::rep0310,kg_nbr_000,1,1.0,1.0,False
kg_nbr_001::rep0311,kg_nbr_001,1,1.0,1.0,False
kg_nbr_002::rep0312,kg_nbr_002,1,1.0,1.0,False
kg_nbr_003::rep0313,kg_nbr_003,1,1.0,1.0,False
kg_nbr_004::rep0314,kg_nbr_004,1,1.0,1.0,False
kg_nbr_005::rep0315,kg_nbr_005,1,1.0,1.0,False
kg_nbr_006::rep0316,kg_nbr_006,1,1.0,1.0,False
kg_nbr_007::rep0317,kg_nbr_007,1,1.0,1.0,False
kg_nbr_008::rep0318,kg_nbr_008,1,1.0,1.0,False
kg_nbr_009::rep0319,kg_nbr_009,1,1.0,1.0,False
kg_reg_000::rep0320,kg_reg_000,2,1.0,1.0,False
kg_reg_001::rep0321,kg_reg_001,2,1.0,1.0,False
kg_reg_002::rep0322,kg_reg_002,1,1.0,1.0,False
kg_reg_003::rep0323,kg_reg_003,1,1.0,1.0,False
kg_reg_004::rep0324,kg_reg_004,1,1.0,1.0,False
kg_reg_005::rep0325,kg_reg_005,1,1.0,1.0,False
kg_reg_006::rep0326,kg_reg_006,2,1.0,1.0,False
kg_reg_007::rep0327,kg_reg_007,1,1.0,1.0,False
kg_reg_008::rep0328,kg_reg_008,1,1.0,1.0,False
kg_reg_009::rep0329,kg_reg_009,1,1.0,1.0,False
kg_loc_000::rep0330,kg_loc_000,1,1.0,1.0,False
kg_loc_001::rep0331,kg_loc_001,1,1.0,1.0,False
kg_loc_002::rep0332,kg_loc_002,1,1.0,1.0,False
kg_loc_003::rep0333,kg_loc_003,1,1.0,1.0,False
kg_loc_004::rep0334,kg_loc_004,1,1.0,1.0,False
kg_loc_005::rep0335,kg_loc_005,1,1.0,1.0,False
kg_loc_006::rep0336,kg_loc_006,1,1.0,1.0,False
kg_loc_007::rep0337,kg_loc_007,1,1.0,1.0,False
kg_loc_008::rep0338,kg_loc_008,1,1.0,1.0,False
kg_loc_009::rep0339,kg_loc_009,1,1.0,1.0,False
kg_nbr_000::rep0340,kg_nbr_000,1,1.0,1.0,False
kg_nbr_001::rep0341,kg_nbr_001,1,1.0,1.0,False
kg_nbr_002::rep0342,kg_nbr_002,1,1.0,1.0,False
kg_nbr_003::rep0343,kg_nbr_003,1,1.0,1.0,False
kg_nbr_004::rep0344,kg_nbr_004,1,1.0,1.0,False
kg_nbr_005::rep0345,kg_nbr_005,1,1.0,1.0,False
kg_nbr_006::rep0346,kg_nbr_006,1,1.0,1.0,False
kg_nbr_007::rep0347,kg_nbr_007,1,1.0,1.0,False
kg_nbr_008::rep0348,kg_nbr_008,1,1.0,1.0,False
kg_nbr_009::rep0349,kg_nbr_009,1,1.0,1.0,False
kg_reg_000::rep0350,kg_reg_000,2,1.0,1.0,False
kg_reg_001::rep0351,kg_reg_001,2,1.0,1.0,False
kg_reg_002::rep0352,kg_reg_002,1,1.0,1.0,False
kg_reg_003::rep0353,kg_reg_003,1,1.0,1.0,False
kg_reg_004::rep0354,kg_reg_004,1,1.0,1.0,False
kg_reg_005::rep0355,kg_reg_005,1,1.0,1.0,False
kg_reg_006::rep0356,kg_reg_006,2,1.0,1.0,False
kg_reg_007::rep0357,kg_reg_007,1,1.0,1.0,False
kg_reg_008::rep0358,kg_reg_008,1,1.0,1.0,False
kg_reg_009::rep0359,kg_reg_009,1,1.0,1.0,False
kg_loc_000::rep0360,kg_loc_000,1,1.0,1.0,False
kg_loc_001::rep0361,kg_loc_001,1,1.0,1.0,False
kg_loc_002::rep0362,kg_loc_002,1,1.0,1.0,False
kg_loc_003::rep0363,kg_loc_003,1,1.0,1.0,False
kg_loc_004::rep0364,kg_loc_004,1,1.0,1.0,False
kg_loc_005::rep0365,kg_loc_005,1,1.0,1.0,False
kg_loc_006::rep0366,kg_loc_006,1,1.0,1.0,False
kg_loc_007::rep0367,kg_loc_007,1,1.0,1.0,False
kg_loc_008::rep0368,kg_loc_008,1,1.0,1.0,False
kg_loc_009::rep0369,kg_loc_009,1,1.0,1.0,False
kg_nbr_000::rep0370,kg_nbr_000,1,1.0,1.0,False
kg_nbr_001::rep0371,kg_nbr_001,1,1.0,1.0,False
kg_nbr_002::rep0372,kg_nbr_002,1,1.0,1.0,False
kg_nbr_003::rep0373,kg_nbr_003,1,1.0,1.0,False
kg_nbr_004::rep0374,kg_nbr_004,1,1.0,1.0,False
kg_nbr_005::rep0375,kg_nbr_005,1,1.0,1.0,False
kg_nbr_006::rep0376,kg_nbr_006,1,1.0,1.0,False
kg_nbr_007::rep0377,kg_nbr_007,1,1.0,1.0,False
kg_nbr_008::rep0378,kg_nbr_008,1,1.0,1.0,False
kg_nbr_009::rep0379,kg_nbr_009,1,1.0,1.0,False
kg_reg_000::rep0380,kg_reg_000,2,1.0,1.0,False
kg_reg_001::rep0381,kg_reg_001,2,1.0,1.0,False
kg_reg_002::rep0382,kg_reg_002,1,1.0,1.0,False
kg_reg_003::rep0383,kg_reg_003,1,1.0,1.0,False
kg_reg_004::rep0384,kg_reg_004,1,1.0,1.0,False
kg_reg_005::rep0385,kg_reg_005,1,1.0,1.0,False
kg_reg_006::rep0386,kg_reg_006,2,1.0,1.0,False
kg_reg_007::rep0387,kg_reg_007,1,1.0,1.0,False
kg_reg_008::rep0388,kg_reg_008,1,1.0,1.0,False
kg_reg_009::rep0389,kg_reg_009,1,1.0,1.0,False
kg_loc_000::rep0390,kg_loc_000,1,1.0,1.0,False
kg_loc_001::rep0391,kg_loc_001,1,1.0,1.0,False
kg_loc_002::rep0392,kg_loc_002,1,1.0,1.0,False
kg_loc_003::rep0393,kg_loc_003,1,1.0,1.0,False
kg_loc_004::rep0394,kg_loc_004,1,1.0,1.0,False
kg_loc_005::rep0395,kg_loc_005,1,1.0,1.0,False
kg_loc_006::rep0396,kg_loc_006,1,1.0,1.0,False
kg_loc_007::rep0397,kg_loc_007,1,1.0,1.0,False
kg_loc_008::rep0398,kg_loc_008,1,1.0,1.0,False
kg_loc_009::rep0399,kg_loc_009,1,1.0,1.0,False
kg_nbr_000::rep0400,kg_nbr_000,1,1.0,1.0,False
kg_nbr_001::rep0401,kg_nbr_001,1,1.0,1.0,False
kg_nbr_002::rep0402,kg_nbr_002,1,1.0,1.0,False
kg_nbr_003::rep0403,kg_nbr_003,1,1.0,1.0,False
kg_nbr_004::rep0404,kg_nbr_004,1,1.0,1.0,False
kg_nbr_005::rep0405,kg_nbr_005,1,1.0,1.0,False
kg_nbr_006::rep0406,kg_nbr_006,1,1.0,1.0,False
kg_nbr_007::rep0407,kg_nbr_007,1,1.0,1.0,False
kg_nbr_008::rep0408,kg_nbr_008,1,1.0,1.0,False
kg_nbr_009::rep0409,kg_nbr_009,1,1.0,1.0,False
kg_reg_000::rep0410,kg_reg_000,2,1.0,1.0,False
kg_reg_001::rep0411,kg_reg_001,2,1.0,1.0,False
kg_reg_002::rep0412,kg_reg_002,1,1.0,1.0,False
kg_reg_003::rep0413,kg_reg_003,1,1.0,1.0,False
kg_reg_004::rep0414,kg_reg_004,1,1.0,1.0,False
kg_reg_005::rep0415,kg_reg_005,1,1.0,1.0,False
kg_reg_006::rep0416,kg_reg_006,2,1.0,1.0,False
kg_reg_007::rep0417,kg_reg_007,1,1.0,1.0,False
kg_reg_008::rep0418,kg_reg_008,1,1.0,1.0,False
kg_reg_009::rep0419,kg_reg_009,1,1.0,1.0,False
kg_loc_000::rep0420,kg_loc_000,1,1.0,1.0,False
kg_loc_001::rep0421,kg_loc_001,1,1.0,1.0,False
kg_loc_002::rep0422,kg_loc_002,1,1.0,1.0,False
kg_loc_003::rep0423,kg_loc_003,1,1.0,1.0,False
kg_loc_004::rep0424,kg_loc_004,1,1.0,1.0,False
kg_loc_005::rep0425,kg_loc_005,1,1.0,1.0,False
kg_loc_006::rep0426,kg_loc_006,1,1.0,1.0,False
kg_loc_007::rep0427,kg_loc_007,1,1.0,1.0,False
kg_loc_008::rep0428,kg_loc_008,1,1.0,1.0,False
kg_loc_009::rep0429,kg_loc_009,1,1.0,1.0,False
kg_nbr_000::rep0430,kg_nbr_000,1,1.0,1.0,False
kg_nbr_001::rep0431,kg_nbr_001,1,1.0,1.0,False
kg_nbr_002::rep0432,kg_nbr_002,1,1.0,1.0,False
kg_nbr_003::rep0433,kg_nbr_003,1,1.0,1.0,False
kg_nbr_004::rep0434,kg_nbr_004,1,1.0,1.0,False
kg_nbr_005::rep0435,kg_nbr_005,1,1.0,1.0,False
kg_nbr_006::rep0436,kg_nbr_006,1,1.0,1.0,False
kg_nbr_007::rep0437,kg_nbr_007,1,1.0,1.0,False
kg_nbr_008::rep0438,kg_nbr_008,1,1.0,1.0,False
kg_nbr_009::rep0439,kg_nbr_009,1,1.0,1.0,False
kg_reg_000::rep0440,kg_reg_000,2,1.0,1.0,False
kg_reg_001::rep0441,kg_reg_001,2,1.0,1.0,False
kg_reg_002::rep0442,kg_reg_002,1,1.0,1.0,False
kg_reg_003::rep0443,kg_reg_003,1,1.0,1.0,False
kg_reg_004::rep0444,kg_reg_004,1,1.0,1.0,False
kg_reg_005::rep0445,kg_reg_005,1,1.0,1.0,False
kg_reg_006::rep0446,kg_reg_006,2,1.0,1.0,False
kg_reg_007::rep0447,kg_reg_007,1,1.0,1.0,False
kg_reg_008::rep0448,kg_reg_008,1,1.0,1.0,False
kg_reg_009::rep0449,kg_reg_009,1,1.0,1.0,False
kg_loc_000::rep0450,kg_loc_000,1,1.0,1.0,False
kg_loc_001::rep0451,kg_loc_001,1,1.0,1.0,False
kg_loc_002::rep0452,kg_loc_002,1,1.0,1.0,False
kg_loc_003::rep0453,kg_loc_003,1,1.0,1.0,False
kg_loc_004::rep0454,kg_loc_004,1,1.0,1.0,False
kg_loc_005::rep0455,kg_loc_005,1,1.0,1.0,False
kg_loc_006::rep0456,kg_loc_006,1,1.0,1.0,False
kg_loc_007::rep0457,kg_loc_007,1,1.0,1.0,False
kg_loc_008::rep0458,kg_loc_008,1,1.0,1.0,False
kg_loc_009::rep0459,kg_loc_009,1,1.0,1.0,False
kg_nbr_000::rep0460,kg_nbr_000,1,1.0,1.0,False
kg_nbr_001::rep0461,kg_nbr_001,1,1.0,1.0,False
kg_nbr_002::rep0462,kg_nbr_002,1,1.0,1.0,False
kg_nbr_003::rep0463,kg_nbr_003,1,1.0,1.0,False
kg_nbr_004::rep0464,kg_nbr_004,1,1.0,1.0,False
kg_nbr_005::rep0465,kg_nbr_005,1,1.0,1.0,False
kg_nbr_006::rep0466,kg_nbr_006,1,1.0,1.0,False
kg_nbr_007::rep0467,kg_nbr_007,1,1.0,1.0,False
kg_nbr_008::rep0468,kg_nbr_008,1,1.0,1.0,False
kg_nbr_009::rep0469,kg_nbr_009,1,1.0,1.0,False
kg_reg_000::rep0470,kg_reg_000,2,1.0,1.0,False
kg_reg_001::rep0471,kg_reg_001,2,1.0,1.0,False
kg_reg_002::rep0472,kg_reg_002,1,1.0,1.0,False
kg_reg_003::rep0473,kg_reg_003,1,1.0,1.0,False
kg_reg_004::rep0474,kg_reg_004,1,1.0,1.0,False
kg_reg_005::rep0475,kg_reg_005,1,1.0,1.0,False
kg_reg_006::rep0476,kg_reg_006,2,1.0,1.0,False
kg_reg_007::rep0477,kg_reg_007,1,1.0,1.0,False
kg_reg_008::rep0478,kg_reg_008,1,1.0,1.0,False
kg_reg_009::rep0479,kg_reg_009,1,1.0,1.0,False
kg_loc_000::rep0480,kg_loc_000,1,1.0,1.0,False
kg_loc_001::rep0481,kg_loc_001,1,1.0,1.0,False
kg_loc_002::rep0482,kg_loc_002,1,1.0,1.0,False
kg_loc_003::rep0483,kg_loc_003,1,1.0,1.0,False
kg_loc_004::rep0484,kg_loc_004,1,1.0,1.0,False
kg_loc_005::rep0485,kg_loc_005,1,1.0,1.0,False
kg_loc_006::rep0486,kg_loc_006,1,1.0,1.0,False
kg_loc_007::rep0487,kg_loc_007,1,1.0,1.0,False
kg_loc_008::rep0488,kg_loc_008,1,1.0,1.0,False
kg_loc_009::rep0489,kg_loc_009,1,1.0,1.0,False
kg_nbr_000::rep0490,kg_nbr_000,1,1.0,1.0,False
kg_nbr_001::rep0491,kg_nbr_001,1,1.0,1.0,False
kg_nbr_002::rep0492,kg_nbr_002,1,1.0,1.0,False
kg_nbr_003::rep0493,kg_nbr_003,1,1.0,1.0,False
kg_nbr_004::rep0494,kg_nbr_004,1,1.0,1.0,False
kg_nbr_005::rep0495,kg_nbr_005,1,1.0,1.0,False
kg_nbr_006::rep0496,kg_nbr_006,1,1.0,1.0,False
kg_nbr_007::rep0497,kg_nbr_007,1,1.0,1.0,False
kg_nbr_008::rep0498,kg_nbr_008,1,1.0,1.0,False
kg_nbr_009::rep0499,kg_nbr_009,1,1.0,1.0,False
kg_reg_000::rep0500,kg_reg_000,2,1.0,1.0,False
kg_reg_001::rep0501,kg_reg_001,2,1.0,1.0,False
kg_reg_002::rep0502,kg_reg_002,1,1.0,1.0,False
kg_reg_003::rep0503,kg_reg_003,1,1.0,1.0,False
kg_reg_004::rep0504,kg_reg_004,1,1.0,1.0,False
kg_reg_005::rep0505,kg_reg_005,1,1.0,1.0,False
kg_reg_006::rep0506,kg_reg_006,2,1.0,1.0,False
kg_reg_007::rep0507,kg_reg_007,1,1.0,1.0,False
kg_reg_008::rep0508,kg_reg_008,1,1.0,1.0,False
kg_reg_009::rep0509,kg_reg_009,1,1.0,1.0,False
kg_loc_000::rep0510,kg_loc_000,1,1.0,1.0,False
kg_loc_001::rep0511,kg_loc_001,1,1.0,1.0,False
kg_loc_002::rep0512,kg_loc_002,1,1.0,1.0,False
kg_loc_003::rep0513,kg_loc_003,1,1.0,1.0,False
kg_loc_004::rep0514,kg_loc_004,1,1.0,1.0,False
kg_loc_005::rep0515,kg_loc_005,1,1.0,1.0,False
kg_loc_006::rep0516,kg_loc_006,1,1.0,1.0,False
kg_loc_007::rep0517,kg_loc_007,1,1.0,1.0,False
kg_loc_008::rep0518,kg_loc_008,1,1.0,1.0,False
kg_loc_009::rep0519,kg_loc_009,1,1.0,1.0,False
kg_nbr_000::rep0520,kg_nbr_000,1,1.0,1.0,False
kg_nbr_001::rep0521,kg_nbr_001,1,1.0,1.0,False
kg_nbr_002::rep0522,kg_nbr_002,1,1.0,1.0,False
kg_nbr_003::rep0523,kg_nbr_003,1,1.0,1.0,False
kg_nbr_004::rep0524,kg_nbr_004,1,1.0,1.0,False
kg_nbr_005::rep0525,kg_nbr_005,1,1.0,1.0,False
kg_nbr_006::rep0526,kg_nbr_006,1,1.0,1.0,False
kg_nbr_007::rep0527,kg_nbr_007,1,1.0,1.0,False
kg_nbr_008::rep0528,kg_nbr_008,1,1.0,1.0,False
kg_nbr_009::rep0529,kg_nbr_009,1,1.0,1.0,False
kg_reg_000::rep0530,kg_reg_000,2,1.0,1.0,False
kg_reg_001::rep0531,kg_reg_001,2,1.0,1.0,False
kg_reg_002::rep0532,kg_reg_002,1,1.0,1.0,False
kg_reg_003::rep0533,kg_reg_003,1,1.0,1.0,False
kg_reg_004::rep0534,kg_reg_004,1,1.0,1.0,False
kg_reg_005::rep0535,kg_reg_005,1,1.0,1.0,False
kg_reg_006::rep0536,kg_reg_006,2,1.0,1.0,False
kg_reg_007::rep0537,kg_reg_007,1,1.0,1.0,False
kg_reg_008::rep0538,kg_reg_008,1,1.0,1.0,False
kg_reg_009::rep0539,kg_reg_009,1,1.0,1.0,False
kg_loc_000::rep0540,kg_loc_000,1,1.0,1.0,False
kg_loc_001::rep0541,kg_loc_001,1,1.0,1.0,False
kg_loc_002::rep0542,kg_loc_002,1,1.0,1.0,False
kg_loc_003::rep0543,kg_loc_003,1,1.0,1.0,False
kg_loc_004::rep0544,kg_loc_004,1,1.0,1.0,False
kg_loc_005::rep0545,kg_loc_005,1,1.0,1.0,False
kg_loc_006::rep0546,kg_loc_006,1,1.0,1.0,False
kg_loc_007::rep0547,kg_loc_007,1,1.0,1.0,False
kg_loc_008::rep0548,kg_loc_008,1,1.0,1.0,False
kg_loc_009::rep0549,kg_loc_009,1,1.0,1.0,False
kg_nbr_000::rep0550,kg_nbr_000,1,1.0,1.0,False
kg_nbr_001::rep0551,kg_nbr_001,1,1.0,1.0,False
kg_nbr_002::rep0552,kg_nbr_002,1,1.0,1.0,False
kg_nbr_003::rep0553,kg_nbr_003,1,1.0,1.0,False
kg_nbr_004::rep0554,kg_nbr_004,1,1.0,1.0,False
kg_nbr_005::rep0555,kg_nbr_005,1,1.0,1.0,False
kg_nbr_006::rep0556,kg_nbr_006,1,1.0,1.0,False
kg_nbr_007::rep0557,kg_nbr_007,1,1.0,1.0,False
kg_nbr_008::rep0558,kg_nbr_008,1,1.0,1.0,False
kg_nbr_009::rep0559,kg_nbr_009,1,1.0,1.0,False
kg_reg_000::rep0560,kg_reg_000,2,1.0,1.0,False
kg_reg_001::rep0561,kg_reg_001,2,1.0,1.0,False
kg_reg_002::rep0562,kg_reg_002,1,1.0,1.0,False
kg_reg_003::rep0563,kg_reg_003,1,1.0,1.0,False
kg_reg_004::rep0564,kg_reg_004,1,1.0,1.0,False
kg_reg_005::rep0565,kg_reg_005,1,1.0,1.0,False
kg_reg_006::rep0566,kg_reg_006,2,1.0,1.0,False
kg_reg_007::rep0567,kg_reg_007,1,1.0,1.0,False
kg_reg_008::rep0568,kg_reg_008,1,1.0,1.0,False
kg_reg_009::rep0569,kg_reg_009,1,1.0,1.0,False
kg_loc_000::rep0570,kg_loc_000,1,1.0,1.0,False
kg_loc_001::rep0571,kg_loc_001,1,1.0,1.0,False
kg_loc_002::rep0572,kg_loc_002,1,1.0,1.0,False
kg_loc_003::rep0573,kg_loc_003,1,1.0,1.0,False
kg_loc_004::rep0574,kg_loc_004,1,1.0,1.0,False
kg_loc_005::rep0575,kg_loc_005,1,1.0,1.0,False
kg_loc_006::rep0576,kg_loc_006,1,1.0,1.0,False
kg_loc_007::rep0577,kg_loc_007,1,1.0,1.0,False
kg_loc_008::rep0578,kg_loc_008,1,1.0,1.0,False
kg_loc_009::rep0579,kg_loc_009,1,1.0,1.0,False
kg_nbr_000::rep0580,kg_nbr_000,1,1.0,1.0,False
kg_nbr_001::rep0581,kg_nbr_001,1,1.0,1.0,False
kg_nbr_002::rep0582,kg_nbr_002,1,1.0,1.0,False
kg_nbr_003::rep0583,kg_nbr_003,1,1.0,1.0,False
kg_nbr_004::rep0584,kg_nbr_004,1,1.0,1.0,False
kg_nbr_005::rep0585,kg_nbr_005,1,1.0,1.0,False
kg_nbr_006::rep0586,kg_nbr_006,1,1.0,1.0,False
kg_nbr_007::rep0587,kg_nbr_007,1,1.0,1.0,False
kg_nbr_008::rep0588,kg_nbr_008,1,1.0,1.0,False
kg_nbr_009::rep0589,kg_nbr_009,1,1.0,1.0,False
kg_reg_000::rep0590,kg_reg_000,2,1.0,1.0,False
kg_reg_001::rep0591,kg_reg_001,2,1.0,1.0,False
kg_reg_002::rep0592,kg_reg_002,1,1.0,1.0,False
kg_reg_003::rep0593,kg_reg_003,1,1.0,1.0,False
kg_reg_004::rep0594,kg_reg_004,1,1.0,1.0,False
kg_reg_005::rep0595,kg_reg_005,1,1.0,1.0,False
kg_reg_006::rep0596,kg_reg_006,2,1.0,1.0,False
kg_reg_007::rep0597,kg_reg_007,1,1.0,1.0,False
kg_reg_008::rep0598,kg_reg_008,1,1.0,1.0,False
kg_reg_009::rep0599,kg_reg_009,1,1.0,1.0,False
